[{"source":{"id":null,"name":"Bitcoinist.com"},"author":"Wilma Woo","title":"Bakkt Launch Next Month May Not End Bear Market","description":"Intercontinental Exchange’s “regulated ecosystem” for Bakkt should launch December 12, but “lingering concerns” remain, industry figures warn this week. ‘Lingering Concerns’ Over Long-Term Plans In a series of tweets, securities lawyer and regular social medi…","url":"https://bitcoinist.com/as-launch-day-closes-in-questions-remain-over-intercontinental-exchanges-bakkt/","urlToImage":"https://bitcoinist.com/wp-content/uploads/2018/11/shutterstock_220358014-980x613.jpg","publishedAt":"2018-11-08T18:00:13Z","content":"Intercontinental Exchanges regulated ecosystem for Bakkt should launch December 12, but lingering concerns remain, industry figures warn this week. ‘Lingering Concerns’ Over Long-Term Plans In a series of tweets, securities lawyer and regular social media com… [+2533 chars]"},{"source":{"id":null,"name":"Business-standard.com"},"author":"Bloomberg","title":"Crypto 2.0 may be digital cash you can actually use to buy stuff","description":"For the swath of developers working on alternatives, ensuring stability is the biggest challenge","url":"https://www.business-standard.com/article/current-affairs/crypto-2-0-may-be-digital-cash-you-can-actually-use-to-buy-stuff-118110801457_1.html","urlToImage":"https://bsmedia.business-standard.com/_media/bs/img/article/2018-09/29/full/1538160152-4662.jpg","publishedAt":"2018-11-08T17:37:00Z","content":"The London clubhouse built for activists who helped redesign Britain’s electoral system nearly two centuries ago offered a fitting setting for the crowd of technology entrepreneurs hoping to reinvent money. Those gathered in the Reform Club near Buckingham Pa… [+2592 chars]"},{"source":{"id":null,"name":"Wordpress.com"},"author":"johnu78","title":"Where is Litecoin Going?","description":"I’ve been a fan of Litecoin since I first learned about it in 2013. The coin has many good fundamentals to it and I believe that Charlie Lee, the coin’s creator did things right as far as how he created the coin and how he worked to develop it. Towards the en…","url":"https://cointrader21.wordpress.com/2018/11/08/where-is-litecoin-going/","urlToImage":"https://cointrader21.files.wordpress.com/2018/11/litecoinlogo.png","publishedAt":"2018-11-08T17:35:17Z","content":"I’ve been a fan of Litecoin since I first learned about it in 2013. The coin has many good fundamentals to it and I believe that Charlie Lee, the coin’s creator did things right as far as how he created the coin and how he worked to develop it. Towards the en… [+1311 chars]"},{"source":{"id":"crypto-coins-news","name":"Crypto Coins News"},"author":"Yashu Gola","title":"Bitcoin Analysis: BTC Faces Bearish Reversal as Dollar Strengthens","description":"The bitcoin-to-dollar exchange rate has dipped close to 1 percent on Thursday, now trading at 6470-fiat. The outcome of the US midterm elections with Democrats sweeping a sharp win in the House had certainly shaken the US dollar yesterday. The greenback never…","url":"https://www.ccn.com/bitcoin-analysis-btc-faces-bearish-reversal-as-dollar-strengthens/","urlToImage":"https://www.ccn.com/wp-content/uploads/2018/09/bitcoin-dominance-flex-muscles.jpg","publishedAt":"2018-11-08T17:32:48Z","content":"The bitcoin-to-dollar exchange rate has dipped close to 1 percent on Thursday, now trading at 6470-fiat. The outcome of the US midterm elections with Democrats sweeping a sharp win in the House had certainly shaken the US dollar yesterday. The greenback never… [+2862 chars]"},{"source":{"id":null,"name":"Bitcoinmagazine.com"},"author":"Jimmy Aki","title":"EtherDelta Founder Charged by SEC For Operating an Unregistered Exchange","description":"In an apparent first, the U.S. Securities and Exchange Commission (SEC) has charged the founder of EtherDelta, Zachary Coburn, with running an “unregistered national securities exchange,” according to a press release from the regulator. “EtherDelta provided a…","url":"https://bitcoinmagazine.com/articles/etherdelta-founder-charged-sec-operating-unregistered-exchange/","urlToImage":"https://fs.bitcoinmagazine.com/img/images/etherdelta_sec.max-800x800.jpg","publishedAt":"2018-11-08T17:32:12Z","content":"In an apparent first, the U.S. Securities and Exchange Commission (SEC) has charged the founder of EtherDelta, Zachary Coburn, with running an unregistered national securities exchange, according to a press release from the regulator. EtherDelta provided a ma… [+1648 chars]"},{"source":{"id":null,"name":"Hackernoon.com"},"author":"Amber Cazzell","title":"Proof-of-Work and Proof-of-Stake are Regressive","description":"Thinking toward ethical behavioral cryptoeconomics","url":"https://hackernoon.com/proof-of-work-and-proof-of-stake-are-regressive-3db6f4d3761","urlToImage":"https://cdn-images-1.medium.com/max/1200/1*X1pvL-MllLCJYPqL62fm0A.jpeg","publishedAt":"2018-11-08T17:24:22Z","content":"The recent low in cryptocurrency morale has given our community a rich opportunity for reflection. The vast majority of us crypto enthusiasts have a genuine heart for marrying technology and social action, and I believe its time we reflect on where we wanted … [+12547 chars]"},{"source":{"id":null,"name":"Apkmania.live"},"author":"noreply@blogger.com (chathu_ac)","title":"Delta - Bitcoin & Cryptocurrency Portfolio Tracker v1.15.1","description":"<!--Overview-->Best Bitcoin & crypto portfolio tracker app, coin market cap, alerts, watchlist. <!--end--><!--Description-->Delta is the best free Bitcoin & cryptocurrency portfolio tracker app. Track all crypto assets, including Bitcoin, Ethereum, Litecoin a…","url":"https://www.apkmania.live/2018/03/delta-bitcoin-ico-cryptocurrency.html","urlToImage":"https://lh3.googleusercontent.com/jNyn9bPZeTkUcMxD-_b1_u_1ayEODGZaZn5MbKUJrYrKb-M-VS5pewBnX5l0L2ottZE=s72-c-h450","publishedAt":"2018-11-08T17:22:00Z","content":null},{"source":{"id":null,"name":"Cointelegraph.com"},"author":"Cointelegraph By Ana Berman","title":"Crypto Markets See Visible Drop Off as Major Coins Are in The Red","description":"Crypto markets are mostly in red, with Bitcoin Cash and Ripple seeing a visible drop-off and Bitcoin trading around $6,500","url":"https://cointelegraph.com/news/crypto-markets-see-visible-drop-off-as-major-coins-are-in-the-red","urlToImage":"https://images.cointelegraph.com/images/740_aHR0cHM6Ly9zMy5jb2ludGVsZWdyYXBoLmNvbS9zdG9yYWdlL3VwbG9hZHMvdmlldy8yNzlmYTlkYjQxZGM5MzJhZmY1ZDBmZWYzNGZjYzJkZC5qcGc=.jpg","publishedAt":"2018-11-08T17:20:00Z","content":null},{"source":{"id":null,"name":"Iol.co.za"},"author":"Supplied","title":"Cryptocurrency Predictions: Verge, Ethereum and Bitcoin forecast to be top performers","description":"Price comparison site finder.com releases November Cryptocurrency Predictions Survey including forecasts for the end of 2019, 13 coins forecast.","url":"https://www.iol.co.za/business-report/technology/cryptocurrency-predictions-verge-ethereum-and-bitcoin-forecast-to-be-top-performers-17825005","urlToImage":"https://image.iol.co.za/image/1/process/620x349?source=https://inm-baobab-prod-eu-west-1.s3.amazonaws.com/public/inm/media/image/iol/2018/06/04/15304522/620x349%20%282%29.jpg","publishedAt":"2018-11-08T17:15:00Z","content":"File image: Bitcoin. (IOL). INTERNATIONAL Verge, Ethereum and Bitcoin are expected to be the most successful cryptocurrencies in November, ending two months of limited price fluctuations in the market. The experts on personal finance comparison site finder.co… [+1549 chars]"},{"source":{"id":null,"name":"Grahamcluley.com"},"author":"Graham Cluley","title":"When your Instagram account has been hacked, how do you get it back?","description":"Travel blogger Delaine Maria D’Costa had her account wiped after she failed to pay an extortionist $200. That was bad enough, but then she had to try to convince Instagram to let her have it back again.","url":"https://www.grahamcluley.com/when-your-instagram-account-has-been-hacked-how-do-you-get-it-back/","urlToImage":"https://cdn.grahamcluley.com/wp-content/uploads/2018/11/delaine-jackson-inst.jpeg","publishedAt":"2018-11-08T17:08:00Z","content":"A travel blogger, with more than 100,000 followers on Instagram, has described how her account was wiped after she refused to hand over hundreds of dollars worth of Bitcoin to an extortionist. Delaine Maria DCosta runs the Of Travels &amp; Tales blog, where s… [+6319 chars]"},{"source":{"id":null,"name":"Nulltx.com"},"author":null,"title":"Researchers Link NotPetya Outbreak and Kiev Power Grid Outage to one Hacking Group","description":"Depending on how one looks at the world, coincidence is either a common thing or doesn’t exist at all. In the world of cyberthreats, it would seem the latter is the more common conclusion. New research shows the NotPetya ransomware attack, as well as a disrup…","url":"https://nulltx.com/researchers-link-notpetya-outbreak-and-kiev-power-grid-outage-to-one-hacking-group/","urlToImage":"https://nulltx.com/wp-content/uploads/2018/10/ransomware-water-utility.jpg","publishedAt":"2018-11-08T17:03:00Z","content":"Depending on how one looks at the world, coincidence is either a common thing or doesn’t exist at all. In the world of cyberthreats, it would seem the latter is the more common conclusion. New research shows the NotPetya ransomware attack, as well as a disrup… [+2553 chars]"},{"source":{"id":null,"name":"Bitcoinmagazine.com"},"author":"Colin Harper","title":"In the Race for a Bitcoin ETF, Wall Street Has Plenty of Hurdles to Clear","description":"In the latter half of 2018, few developments have occupied crypto investors’ headspaces like the industry’s indefatigable pursuit of a bitcoin exchange traded fund (ETF). This conversation lay largely dormant since the two brothers’ first attempt was rejected…","url":"https://bitcoinmagazine.com/articles/race-bitcoin-etf-wall-street-has-plenty-hurdles-clear/?utm_source=feedburner&utm_medium=feed&utm_campaign=Feed%3A+BitcoinMagazine+%28Bitcoin+Magazine%29#1541696580","urlToImage":"https://fs.bitcoinmagazine.com/img/images/ETF_cover_thb.max-800x800.jpg","publishedAt":"2018-11-08T17:03:00Z","content":"In the latter half of 2018, few developments have occupied crypto investors headspaces like the industrys indefatigable pursuit of a bitcoin exchange traded fund (ETF). This conversation lay largely dormant since the two brothers first attempt was rejected by… [+17705 chars]"},{"source":{"id":"cnbc","name":"CNBC"},"author":"Kate Rooney","title":"J.P. Morgan sees three potential long-term stock winners from blockchain","description":"J.P. Morgan named three public companies that are potential long-term winners in emerging blockchain technology.","url":"https://www.cnbc.com/2018/11/08/jp-morgans-three-potential-winners-in-blockchain.html","urlToImage":"https://fm.cnbc.com/applications/cnbc.com/resources/img/editorial/2015/11/10/103156369-akam.1910x1000.jpg","publishedAt":"2018-11-08T17:03:00Z","content":"Despite blockchain's corporate buzz this year, the technology can be tricky to get exposure to as an investor, unless you're buying bitcoin. div &gt; div.group &gt; p:first-child\"&gt; To give clients some less controversial options, J.P. Morgan named three pu… [+2559 chars]"},{"source":{"id":null,"name":"Coinbase.com"},"author":"Emre Tekisalp","title":"Wrapping up Devcon4","description":"Blockchain engineers, thinkers and investors descended on the city of Prague for Devcon, the 4th Annual Ethereum Developers Conference.","url":"https://blog.coinbase.com/wrapping-up-devcon4-4de813e718fb","urlToImage":"https://cdn-images-1.medium.com/max/1200/1*MflvP8gPruVNMAHn7tgS_A.jpeg","publishedAt":"2018-11-08T17:01:03Z","content":"Last week, more than 3,000 blockchain engineers, thinkers and investors descended on the city of Prague for the 4th Annual Ethereum Developers Conference. The ethos of an open financial system was on full display as everyone came together to ideate on and sol… [+5860 chars]"},{"source":{"id":null,"name":"Pubexec.com"},"author":"Toni McQuilken","title":"7 Takeaways from the 2018 FUSE Media Summit Keynote","description":"Northstar Travel CDO Matthew Yorke explores the data and technology “arms race’ currently occurring in online media and marketing.","url":"https://www.pubexec.com/article/7-takeaways-from-the-2018-fuse-media-summit-keynote/","urlToImage":"https://www.pubexec.com/wp-content/uploads/sites/13/2018/11/video_poster_26652.jpg","publishedAt":"2018-11-08T16:59:38Z","content":"To kick off this year’s FUSE Media Summit, Northstar Travel Group CDO Matthew Yorke took the stage to talk about data and the role it plays in today’s media landscape in a keynote presentation titled “How Data &amp; Technology Have Changed What it Means to Be… [+9203 chars]"},{"source":{"id":"the-next-web","name":"The Next Web"},"author":"Mix","title":"eToro rolls out its cryptocurrency wallet for Android and iOS","description":"Social trading platform eToro has finally begun rolling out its cryptocurrency wallet to Android and iOS users. The wallet, which promises an intuitive customer interface and enhanced security, is now available on Google Play and Apple’s App Store. At launch,…","url":"https://thenextweb.com/hardfork/2018/11/08/etoro-cryptocurrency-wallet-trading/","urlToImage":"https://img-cdn.tnwcdn.com/image/hardfork?filter_last=1&fit=1280%2C640&url=https%3A%2F%2Fcdn0.tnwcdn.com%2Fwp-content%2Fblogs.dir%2F1%2Ffiles%2F2018%2F11%2Fetoro.png&signature=185e2561d3962bc3cadd20211ead90d7","publishedAt":"2018-11-08T16:54:53Z","content":"Social trading platform eToro has finally begun rolling out its cryptocurrency wallet to Android and iOS users. The wallet, which promises an intuitive customer interface and enhanced security, is now available on Google Play and Apples App Store. At launch, … [+2091 chars]"},{"source":{"id":null,"name":"Sys-con.com"},"author":null,"title":"Monetran To Seek Amazon, Walmart Partnerships","description":"WILMINGTON, Del., Nov. 8, 2018 /PRNewswire/ -- The management of Monetran LLC, an internet fintech company based in Delaware, isn't shy when it comes to setting goals. In fact, forging partnerships with some of the world's biggest retailers has been a target …","url":"http://news.sys-con.com/node/4343721","urlToImage":"","publishedAt":"2018-11-08T16:53:26Z","content":"WILMINGTON, Del., Nov. 8, 2018 /PRNewswire/ -- The management of Monetran LLC, an internet fintech company based in Delaware, isn't shy when it comes to setting goals. In fact, forging partnerships with some of the world's biggest retailers has been a target … [+3803 chars]"},{"source":{"id":null,"name":"Prnewswire.com"},"author":"Monetran, LLC","title":"Monetran To Seek Amazon, Walmart Partnerships","description":"WILMINGTON, Del., Nov. 8, 2018 /PRNewswire/ -- The management of Monetran LLC, an internet fintech company based in Delaware, isn't shy when it comes to setting goals. In fact, forging partnerships with some of the world's biggest retailers has been a target …","url":"https://www.prnewswire.com/news-releases/monetran-to-seek-amazon-walmart-partnerships-300746839.html","urlToImage":"/content/dam/prnewswire/common/prn_facebook_sharing_logo.jpg","publishedAt":"2018-11-08T16:53:00Z","content":"WILMINGTON, Del., Nov. 8, 2018 /PRNewswire/ -- The management of Monetran LLC, an internet fintech company based in Delaware, isn't shy when it comes to setting goals. In fact, forging partnerships with some of the world's biggest retailers has been a target … [+3562 chars]"},{"source":{"id":null,"name":"Tech.co"},"author":"Tom Fogden","title":"How Hacks Can Target Banks and Nations","description":"Hackers looking to get their hands on the big bucks will often go after banks and even nation states. We run through some of the biggest hacking incidents in history, including a cyber war in Estonia and the JPMorgan Chase hack from 2014 The post How Hacks Ca…","url":"https://tech.co/hacks-target-banks-nations-2018-11","urlToImage":"https://images.tech.co/wp-content/uploads/2018/11/08111929/Hacking-1-640x361.jpg","publishedAt":"2018-11-08T16:47:20Z","content":"Hacking never seems to be far from the headlines. In the past month alone, Healthcare.gov, Facebook and British Airways each suffered a major cyber security breach, potentially revealing the information of millions of user accounts. Given the ubiquity of hack… [+5181 chars]"},{"source":{"id":null,"name":"Crowdfundinsider.com"},"author":"Cali Haan","title":"Permalink to Hackers Spread Crypto-Stealing Code Through StatCounter at Gate.io Exchange","description":"On November 3rd, hackers successfully sandwiched crypto-stealing code into the middle of a popular web traffic-measuring plugin from StatCounter, which is now used on more than two million websites, including government sites, WeLiveSecurity reports. Because …","url":"https://www.crowdfundinsider.com/2018/11/141070-hackers-spread-crypto-stealing-code-through-statcounter-at-gate-io-exchange/","urlToImage":"https://cdn.crowdfundinsider.com/wp-content/uploads/2018/11/Theft-Crime-Steal-Rob.jpg","publishedAt":"2018-11-08T16:30:00Z","content":"On November 3rd, hackers successfully sandwiched crypto-stealing code into the middle of a popular web traffic-measuring plugin from StatCounter, which is now used on more than two million websites, including government sites, WeLiveSecurity reports. Because … [+2102 chars]"}]